Full Name,Email Address
Blossom Gill,blossom@maryam.com
Hayes Delgado,nonummy@utnisia.com
Petra Jones,ac@maryam.com
Oleg Noel,noel@liberomauris.ca
Ahmed Miller,ahmed.miller@nequenonquam.co.uk
Macaulay Douglas,mdouglas@maryam.com
Aurora Grant,enim.non@maryam.com
Madison Mcintosh,mcintosh@nisiaenean.net
Montana Powell,montanap@semmagna.org
Rogan Robinson,rr.robinson@maryam.com
Simon Rivera,sri@maryam.com
Benedict Pacheco,bpacheco@maryam.com
Maisie Hendrix,mai.hendrix@maryam.com
Xaviera Gould,xlg@utnisia.net
Oren Rollins,oren@semmagna.com
Flavia Santiago,flavia@utnisia.net
Jackson Owens,jackowens@maryam.com
Britanni Humphrey,britanni@ut.net
Kirk Nixon,kirknixon@maryam.com
Bree Campbell,breee@utnisia.net
